{
  "same_intent": {
    "precision": 1.0,
    "recall": 1.0,
    "f1-score": 1.0,
    "support": 23,
    "confused_with": {}
  },
  "recognise": {
    "precision": 1.0,
    "recall": 0.9333333333333333,
    "f1-score": 0.9655172413793104,
    "support": 15,
    "confused_with": {
      "read_text": 1
    }
  },
  "locate": {
    "precision": 0.9666666666666667,
    "recall": 1.0,
    "f1-score": 0.983050847457627,
    "support": 29,
    "confused_with": {}
  },
  "confidence": {
    "precision": 0.9166666666666666,
    "recall": 0.9166666666666666,
    "f1-score": 0.9166666666666666,
    "support": 12,
    "confused_with": {
      "identify": 1
    }
  },
  "read_text": {
    "precision": 0.9578947368421052,
    "recall": 0.9381443298969072,
    "f1-score": 0.9479166666666666,
    "support": 97,
    "confused_with": {
      "identify": 5,
      "detect_colour": 1
    }
  },
  "identify": {
    "precision": 0.9263157894736842,
    "recall": 0.9361702127659575,
    "f1-score": 0.9312169312169313,
    "support": 94,
    "confused_with": {
      "read_text": 3,
      "detect_colour": 3
    }
  },
  "detect_colour": {
    "precision": 0.9591836734693877,
    "recall": 1.0,
    "f1-score": 0.9791666666666666,
    "support": 94,
    "confused_with": {}
  },
  "count": {
    "precision": 1.0,
    "recall": 0.4,
    "f1-score": 0.5714285714285715,
    "support": 5,
    "confused_with": {
      "locate": 1,
      "identify": 1
    }
  },
  "accuracy": 0.9539295392953929,
  "macro avg": {
    "precision": 0.9658409416398138,
    "recall": 0.890539317832858,
    "f1-score": 0.9118704489353051,
    "support": 369
  },
  "weighted avg": {
    "precision": 0.954433800335139,
    "recall": 0.9539295392953929,
    "f1-score": 0.9522285932840883,
    "support": 369
  }
}